Fecha,CHORRILLOS,ACOBAMBA,MINA.COLQUI,PUCRO,TINGO,SHEQUE,LA.QUISHA,CARAMPOMA
1/01/1981,0.926264346,197.2249298,282.7678528,184.1426697,155.9036713,155.9036713,155.9036713,93.5736084
1/02/1981,0.033484768,304.961792,277.4606323,227.1030884,254.9217682,254.9217682,254.9217682,202.529129
1/03/1981,0.014804542,208.6514435,264.9849854,174.3916626,199.2393188,199.2393188,199.2393188,122.0356293
1/04/1981,0.136718005,7.73820734,19.1362648,16.62969208,8.301435471,8.301435471,8.301435471,2.08627224
1/05/1981,0.09496893,0.815420508,1.205416083,0.705338836,0.334481478,0.334481478,0.334481478,0.094744809
1/06/1981,0.037520953,0.032579023,0.138960943,0.547285318,0.133617535,0.133617535,0.133617535,0.041101582
1/07/1981,0.308827579,0.55722487,1.769616485,6.057346344,1.31175518,1.31175518,1.31175518,0.383300692
1/08/1981,1.138605714,5.597275257,17.17256737,28.89981461,8.124202728,8.124202728,8.124202728,2.638288736
1/09/1981,0.048166793,3.563479662,13.76270866,17.60549545,6.835643291,6.835643291,6.835643291,1.511808157
1/10/1981,0,61.13262939,85.56687927,70.58715057,43.72624969,43.72624969,43.72624969,17.29771042
1/11/1981,0,117.2909775,163.0609741,123.85923,73.06494904,73.06494904,73.06494904,41.18053055
1/12/1981,0.054519493,99.89948273,153.4015198,156.9096375,111.4180984,111.4180984,111.4180984,59.69399261
1/01/1982,0.181232676,158.0500336,221.8948059,154.8426666,139.1186981,139.1186981,139.1186981,82.307724
1/02/1982,0.842917919,209.5606079,218.7041016,200.2779388,185.4525909,185.4525909,185.4525909,121.1516571
1/03/1982,0.872329712,117.367569,139.4287262,101.6837921,100.3528519,100.3528519,100.3528519,57.78621292
1/04/1982,0,81.55508423,99.44207001,64.68279266,46.89803696,46.89803696,46.89803696,32.60166168
1/05/1982,0.089559108,0.811993957,1.288694978,0.951185465,0.556133449,0.556133449,0.556133449,0.168622091
1/06/1982,0.132472113,0.024264773,0.176623106,0.727280617,0.130995691,0.130995691,0.130995691,0.000689668
1/07/1982,0.197889611,2.227633953,4.41582489,10.33242416,3.831618786,3.831618786,3.831618786,2.782889605
1/08/1982,0.353754103,2.576313257,10.97240067,19.43928146,6.753018379,6.753018379,6.753018379,2.153803349
1/09/1982,0.263319194,7.142192364,29.52081299,35.51665115,15.23813152,15.23813152,15.23813152,4.191175461
1/10/1982,0,75.21437836,114.5246735,108.1037903,27.54904366,27.54904366,27.54904366,5.954759121
1/11/1982,0.290704757,181.2820129,203.8549042,139.4385071,89.89054871,89.89054871,89.89054871,52.41498184
1/12/1982,0.143884525,39.35827637,61.71507645,65.46122742,29.56223869,29.56223869,29.56223869,11.18686295
1/01/1983,0.141852736,87.55597687,222.2142487,136.8862305,87.54231262,87.54231262,87.54231262,28.230196
1/02/1983,0.213407904,18.68013954,49.34318542,61.86253738,51.26227188,51.26227188,51.26227188,17.18928337
1/03/1983,0.226549238,191.088623,232.5503082,157.5279236,188.9615021,188.9615021,188.9615021,117.4603806
1/04/1983,0.503595769,15.21166134,84.24586487,71.29922485,68.91665649,68.91665649,68.91665649,18.25595284
1/05/1983,0.815380514,1.808062911,4.945713997,7.656187057,3.027807236,3.027807236,3.027807236,0.647648156
1/06/1983,0.839805126,0.666482687,2.770219803,9.940795898,1.871989489,1.871989489,1.871989489,0.102644846
1/07/1983,0.644888103,0.153873578,0.291639775,0.831933379,0.153898194,0.153898194,0.153898194,0.146205589
1/08/1983,0.310060054,0.149022073,0.689864635,0.564745724,0.285711497,0.285711497,0.285711497,0
1/09/1983,0.415452391,6.091937542,28.8687439,44.38985825,10.29265976,10.29265976,10.29265976,1.237604618
1/10/1983,0.052394569,26.41080666,71.74111176,73.01065063,36.62569809,36.62569809,36.62569809,9.935944557
1/11/1983,0,34.92734528,48.50215912,41.2964859,23.80410385,23.80410385,23.80410385,11.41294289
1/12/1983,0.003383745,206.5779419,237.8262787,206.6718292,142.6304474,142.6304474,142.6304474,84.81838226
1/01/1984,0,187.0897827,207.1307983,133.1182709,114.4433289,114.4433289,114.4433289,67.97489166
1/02/1984,0.593227804,304.2399597,309.4913635,275.0744934,296.0069885,296.0069885,296.0069885,197.9127045
1/03/1984,0.845481932,209.9704285,288.285675,214.4695282,202.3249817,202.3249817,202.3249817,105.8889542
1/04/1984,0,67.49474335,81.18909454,48.34004593,43.52998352,43.52998352,43.52998352,26.94491768
1/05/1984,0,10.7924118,23.95624733,35.87319565,11.01650906,11.01650906,11.01650906,4.562097073
1/06/1984,0.368417919,2.388838768,8.959475517,30.852808,4.505281925,4.505281925,4.505281925,0.713158429
1/07/1984,0.321434557,0.294623792,0.856960297,2.888154268,0.55249989,0.55249989,0.55249989,0.213264525
1/08/1984,0.375450075,1.241478682,5.684442043,10.53316021,2.932285786,2.932285786,2.932285786,0.387030095
1/09/1984,0.097919323,2.9918015,11.45891285,15.81807804,4.906211853,4.906211853,4.906211853,0.630754471
1/10/1984,0,30.07577515,103.4374466,92.51495361,60.20727921,60.20727921,60.20727921,18.8685379
1/11/1984,0.27467674,35.81622314,115.6028137,112.1024094,73.60790253,73.60790253,73.60790253,26.80301476
1/12/1984,0.11180985,201.6351471,211.3741455,170.7525177,153.228714,153.228714,153.228714,107.5251694
1/01/1985,0.238383278,74.00104523,98.07232666,69.69714355,52.50424576,52.50424576,52.50424576,27.78583336
1/02/1985,0.84107852,231.0507202,204.3887482,158.3018494,172.8491211,172.8491211,172.8491211,110.0212631
1/03/1985,0.20154421,181.1687469,221.5358429,148.9126434,159.4199066,159.4199066,159.4199066,96.49906158
1/04/1985,0,29.36890984,85.00112152,70.85433197,59.94216537,59.94216537,59.94216537,26.77187347
1/05/1985,0.207043648,4.876594543,25.24299431,38.3984375,9.084612846,9.084612846,9.084612846,0.688422501
1/06/1985,0.064158171,0.976411402,3.77312398,13.78482819,2.014695168,2.014695168,2.014695168,0.200563461
1/07/1985,0.231151462,0.168102592,0.402149111,1.358986259,0.226214543,0.226214543,0.226214543,0.145817488
1/08/1985,0.1239108,1.207478046,5.816935539,11.40631008,3.413860321,3.413860321,3.413860321,0.427866489
1/09/1985,0.579611719,8.094408989,42.72444153,71.32613373,30.85529327,30.85529327,30.85529327,6.582201481
1/10/1985,0.092515439,5.343915462,18.21110153,21.95497894,9.44551754,9.44551754,9.44551754,1.138260484
1/11/1985,0.073325597,11.81434155,42.16422272,49.30925369,16.75677109,16.75677109,16.75677109,1.924693465
1/12/1985,0.048780538,60.00999451,113.614624,131.1378479,90.49919891,90.49919891,90.49919891,46.69215012
1/01/1986,0.311247468,269.228302,315.6938782,180.0002289,190.8879852,190.8879852,190.8879852,125.3716202
1/02/1986,0.296599537,205.4125366,209.3991547,172.7291565,178.638916,178.638916,178.638916,94.49273682
1/03/1986,0.30013445,219.4191437,246.1640015,178.3761902,167.3917236,167.3917236,167.3917236,92.70488739
1/04/1986,0.009715347,96.59632111,134.0071716,91.84140778,93.08560944,93.08560944,93.08560944,58.16212082
1/05/1986,0.121120073,5.834818363,21.10399246,32.26564407,8.212224007,8.212224007,8.212224007,1.545830965
1/06/1986,0.092101969,0.045383565,0.12538375,0.512328029,0.094918512,0.094918512,0.094918512,0.034215674
1/07/1986,0.198647529,2.183163643,7.121737957,21.00854874,7.312216759,7.312216759,7.312216759,4.821812153
1/08/1986,1.768045783,5.645562649,15.75310135,16.90676308,11.39632416,11.39632416,11.39632416,4.228940487
1/09/1986,1.034740686,5.052105904,13.80626869,20.94551849,7.753765583,7.753765583,7.753765583,2.233691216
1/10/1986,0.03115849,10.68767738,23.4202919,23.45719719,9.921149254,9.921149254,9.921149254,1.73508513
1/11/1986,0,54.23594284,78.01560974,52.17312241,34.81984329,34.81984329,34.81984329,12.50467777
1/12/1986,0,111.2287369,169.5677643,144.4421387,109.587471,109.587471,109.587471,57.85161972
1/01/1987,0.112938575,243.3276825,308.4746094,178.9687958,196.2324829,196.2324829,196.2324829,125.8986359
1/02/1987,0.224825934,135.3467255,147.245575,123.7091217,135.0946045,135.0946045,135.0946045,71.14183807
1/03/1987,0.06248818,81.82209015,101.8468018,76.18096924,66.53557587,66.53557587,66.53557587,34.04448318
1/04/1987,0.007411851,33.7026062,42.73584366,28.08841133,20.83957672,20.83957672,20.83957672,11.56102943
1/05/1987,0.079048589,4.124212265,6.877871513,5.558710575,3.268822432,3.268822432,3.268822432,1.055838466
1/06/1987,0.23075293,0.297124147,1.166942,4.72733736,0.735378027,0.735378027,0.735378027,0.120186538
1/07/1987,0.200809181,0.652078867,2.208616257,8.650094986,1.41567421,1.41567421,1.41567421,0.380703479
1/08/1987,0.342047036,2.763237953,9.155693054,13.53279686,4.600078583,4.600078583,4.600078583,0.777316034
1/09/1987,0.176874653,13.51251411,38.50007248,58.9508934,16.81068993,16.81068993,16.81068993,4.3855896
1/10/1987,0,17.2850914,33.95523834,34.6180954,13.84105015,13.84105015,13.84105015,4.847054958
1/11/1987,0,99.97554779,153.0857391,119.8379288,65.43144226,65.43144226,65.43144226,31.894907
1/12/1987,0.043693639,49.01638794,82.25972748,93.98926544,31.54406166,31.54406166,31.54406166,7.4877882
1/01/1988,0.391603649,212.4426422,275.7920532,173.4039154,174.9707184,174.9707184,174.9707184,126.4773102
1/02/1988,0.204926118,121.7990646,139.9059143,109.5181961,121.9244919,121.9244919,121.9244919,56.71958923
1/03/1988,0.334419578,115.9755173,171.993042,156.5871582,111.4047089,111.4047089,111.4047089,53.53889084
1/04/1988,0.044609033,119.3951721,170.3535461,106.742485,75.18796539,75.18796539,75.18796539,36.61456299
1/05/1988,0.159522951,11.02480125,29.15360451,39.39528275,9.497117996,9.497117996,9.497117996,1.667643189
1/06/1988,0,0,0.151637599,0.618184268,0.070054665,0.070054665,0.070054665,0
1/07/1988,0.143658876,0.130093768,0.227684498,0.814729333,0.13090609,0.13090609,0.13090609,0.127919793
1/08/1988,0.742325664,1.847698569,6.31341362,7.86608839,2.789972067,2.789972067,2.789972067,0.507517278
1/09/1988,0.188101098,12.17150116,39.63695908,55.22529602,10.9870472,10.9870472,10.9870472,1.589781284
1/10/1988,0,30.06575775,53.83659744,44.41085052,23.6228466,23.6228466,23.6228466,8.302664757
1/11/1988,0,38.01696777,58.0198288,45.53229904,18.25719261,18.25719261,18.25719261,6.280064106
1/12/1988,0.737107813,72.75733185,102.4978027,100.7027435,68.90168762,68.90168762,68.90168762,40.08736038
1/01/1989,0.799043775,221.1011963,295.96875,178.0403442,186.5900726,186.5900726,186.5900726,120.7389755
1/02/1989,0.809825599,205.7298126,223.5549774,167.091156,179.5343323,179.5343323,179.5343323,97.19736481
1/03/1989,1.456472039,212.2164307,264.9966736,187.1237946,190.4162445,190.4162445,190.4162445,112.7283554
1/04/1989,0,15.32422066,56.41104507,62.90486526,21.87018585,21.87018585,21.87018585,3.04891634
1/05/1989,0.041965794,4.367376328,10.07557964,13.43283463,4.667815208,4.667815208,4.667815208,1.622805357
1/06/1989,0.042269476,1.360463977,2.945407629,7.507603168,2.005099535,2.005099535,2.005099535,0.904932499
1/07/1989,0.890976965,0.977620959,2.314713001,3.804193735,1.135201573,1.135201573,1.135201573,0.419468999
1/08/1989,1.258544683,2.632568836,14.46866322,27.44343567,5.830834866,5.830834866,5.830834866,0.687942207
1/09/1989,0.806129813,6.381750584,23.76661873,26.2392292,11.29681873,11.29681873,11.29681873,2.844736338
1/10/1989,0,27.07187843,57.14028931,54.12776184,32.9469986,32.9469986,32.9469986,13.68315411
1/11/1989,0.116975263,5.698665619,14.99404812,16.81846237,6.138491631,6.138491631,6.138491631,0.955098152
1/12/1989,0.073745288,2.169956446,6.478080273,10.8754015,3.475368738,3.475368738,3.475368738,0.703439951
1/01/1990,0.58078438,84.84856415,172.4379578,127.9396896,104.0179672,104.0179672,104.0179672,51.80580521
1/02/1990,0,26.04405212,37.31172943,33.77724075,30.94690704,30.94690704,30.94690704,14.43449688
1/03/1990,0.822578073,54.19166946,84.10150909,59.21511841,63.07565308,63.07565308,63.07565308,34.23088074
1/04/1990,0,8.550088882,31.51381111,37.77965546,12.68880367,12.68880367,12.68880367,1.632856488
1/05/1990,0.413173735,8.332929611,24.095047,30.24156952,18.63707733,18.63707733,18.63707733,9.659928322
1/06/1990,1.274355412,2.202380419,8.521525383,33.80391312,5.43285799,5.43285799,5.43285799,1.28378284
1/07/1990,0.656419933,0.259076387,0.727788448,2.635603905,0.444868267,0.444868267,0.444868267,0.215901643
1/08/1990,1.468714952,1.957151651,7.911538124,13.06719017,5.038022995,5.038022995,5.038022995,1.874126196
1/09/1990,0.653619766,2.539027214,10.22881794,17.27885246,5.27234745,5.27234745,5.27234745,0.641371608
1/10/1990,0.124295965,134.4670105,184.125061,118.2408447,77.95710754,77.95710754,77.95710754,31.66529465
1/11/1990,0.197862998,175.8853149,223.6084595,173.5723877,105.1951447,105.1951447,105.1951447,52.92507935
1/12/1990,0.072691575,106.1580734,124.4506607,107.4215622,88.59407043,88.59407043,88.59407043,62.77000809
1/01/1991,0.144375741,75.72728729,108.3720169,73.24900055,63.3588562,63.3588562,63.3588562,35.99819565
1/02/1991,0.17495279,93.64266968,102.8048935,87.53515625,97.13722992,97.13722992,97.13722992,57.80813217
1/03/1991,0.619470298,193.8967896,204.2744904,105.5113831,162.5161133,162.5161133,162.5161133,106.0888214
1/04/1991,0,45.20810699,65.05539703,44.428936,37.3073616,37.3073616,37.3073616,19.70039558
1/05/1991,0.705238223,11.8443327,24.56972504,28.13281822,13.39890003,13.39890003,13.39890003,7.028033733
1/06/1991,0.376968712,0.373377085,1.412616849,5.807759762,0.855451047,0.855451047,0.855451047,0.174081981
1/07/1991,0.602411032,0.589473784,1.997473717,6.920344353,1.364082336,1.364082336,1.364082336,0.397273362
1/08/1991,0.392119557,0.135259911,0.438751519,0.206072688,0.172846794,0.172846794,0.172846794,0.038301133
1/09/1991,0.756124079,9.127943039,29.52618408,42.06687164,12.87905216,12.87905216,12.87905216,3.703361034
1/10/1991,0.198445499,75.18788147,121.3741074,90.45262146,64.18195343,64.18195343,64.18195343,26.50868034
1/11/1991,0.260680705,52.07765198,69.26712799,45.81189346,39.28879166,39.28879166,39.28879166,22.79501152
1/12/1991,0.374605447,24.5099659,54.36618423,73.52417755,32.59555435,32.59555435,32.59555435,12.65415001
1/01/1992,0.307828635,46.76953125,82.38235474,58.78772354,45.67831039,45.67831039,45.67831039,23.55099297
1/02/1992,0.167905971,55.20198822,60.83059692,51.79771423,55.22065353,55.22065353,55.22065353,29.48241997
1/03/1992,0.08526732,72.2201767,106.7342834,111.4311066,34.17348862,34.17348862,34.17348862,7.809593678
1/04/1992,0.031953558,23.80120468,53.81833649,37.05282974,16.25013924,16.25013924,16.25013924,1.880358815
1/05/1992,0.18155694,1.432901263,4.018338203,7.598381042,2.033599615,2.033599615,2.033599615,0.464730501
1/06/1992,0.152294055,0.533075392,1.458618045,4.328371048,1.048856139,1.048856139,1.048856139,0.3764759
1/07/1992,1.315589309,0.5229581,2.090054989,8.223144531,1.300266147,1.300266147,1.300266147,0.271486431
1/08/1992,0.347668499,1.476023674,7.786577225,19.51922417,3.978427172,3.978427172,3.978427172,0.489533693
1/09/1992,0.406186163,3.315071344,11.96856022,16.76861572,6.026775837,6.026775837,6.026775837,1.47497046
1/10/1992,0.083329231,45.47146225,71.79373169,68.96470642,46.49533844,46.49533844,46.49533844,22.10405159
1/11/1992,0.001613465,10.70189667,21.82531548,27.17512512,9.629018784,9.629018784,9.629018784,1.610991597
1/12/1992,0.091046035,29.56053162,43.17503738,49.76093292,30.78294563,30.78294563,30.78294563,20.17149544
1/01/1993,0.64935863,166.5102844,238.1986237,168.4976654,142.576767,142.576767,142.576767,77.24996948
1/02/1993,1.721588492,110.3234329,123.6281815,123.5891647,117.5803604,117.5803604,117.5803604,69.96146393
1/03/1993,1.566652536,185.3600311,232.2345581,164.6358032,159.197464,159.197464,159.197464,96.82832336
1/04/1993,0,98.10305786,121.5435181,85.92280579,66.19010925,66.19010925,66.19010925,39.13325119
1/05/1993,0.323712319,13.40336037,19.37941742,15.83571339,5.917657375,5.917657375,5.917657375,1.796212316
1/06/1993,0.066547461,0,0,0.20253256,0,0,0,0.049154807
1/07/1993,2.301313639,0.544899702,1.649634123,5.427364826,0.873606145,0.873606145,0.873606145,0.271968305
1/08/1993,0.164161563,0.941723883,4.353822231,8.707081795,2.111934662,2.111934662,2.111934662,0.247202516
1/09/1993,0.681384444,9.159790039,27.87477112,36.90180588,12.76704407,12.76704407,12.76704407,3.086214304
1/10/1993,0,43.5843811,88.72542572,84.22170258,45.35944366,45.35944366,45.35944366,11.07372952
1/11/1993,0.275168091,107.6592865,166.1621094,139.2341461,78.3983078,78.3983078,78.3983078,34.71033478
1/12/1993,0.074582323,122.7133331,212.9117279,224.7770996,141.0973053,141.0973053,141.0973053,65.67694092
1/01/1994,0.871863127,186.9675446,382.8358765,317.0540771,188.2251282,188.2251282,188.2251282,90.50634766
1/02/1994,0.211557552,207.9450836,138.0073395,56.00780487,162.9980621,162.9980621,162.9980621,125.8150864
1/03/1994,0.849742532,206.6384888,249.184494,172.52771,149.9660187,149.9660187,149.9660187,86.29060364
1/04/1994,0,103.2047501,126.9334488,77.8009491,78.22691345,78.22691345,78.22691345,45.53688431
1/05/1994,0.121729612,28.53749275,49.11211395,54.57151413,15.85250568,15.85250568,15.85250568,6.104475975
1/06/1994,0.031398773,1.135068893,3.937683344,15.10321426,2.158106804,2.158106804,2.158106804,0.439205378
1/07/1994,0.445358872,0.49352181,2.10544157,9.158024788,1.300644279,1.300644279,1.300644279,0.241216138
1/08/1994,0.173492864,1.51319468,8.026339531,19.69279671,4.386720181,4.386720181,4.386720181,0.516036332
1/09/1994,0.196976423,20.27342987,50.67422485,62.16674805,22.57451057,22.57451057,22.57451057,7.351118088
1/10/1994,0,11.68000221,25.63495827,22.70253372,10.16199493,10.16199493,10.16199493,2.071782827
1/11/1994,0,80.81896973,126.5001144,117.4005814,59.26696396,59.26696396,59.26696396,26.18844795
1/12/1994,0.090599686,84.48786163,171.7420502,246.9671936,114.5360413,114.5360413,114.5360413,54.22610092
1/01/1995,0.186248377,120.6977158,227.2005157,192.2008667,129.9063721,129.9063721,129.9063721,59.47301865
1/02/1995,0.084082186,63.02188492,106.2750397,140.1578522,72.77263641,72.77263641,72.77263641,25.68267632
1/03/1995,0.103911988,169.3125,290.550354,243.1697083,150.8654633,150.8654633,150.8654633,58.63937378
1/04/1995,0.180674225,73.79257965,118.1563797,102.3941269,60.58021164,60.58021164,60.58021164,29.29750252
1/05/1995,0.239058837,15.03218937,31.45705414,44.0229454,18.20262718,18.20262718,18.20262718,10.81311893
1/06/1995,0.026113965,0.408138543,1.261015296,4.202568531,0.840346456,0.840346456,0.840346456,0.190934241
1/07/1995,0.392604321,0.819791555,1.570799708,3.5386765,1.128532171,1.128532171,1.128532171,0.673493266
1/08/1995,0.158986464,1.297382951,5.909104824,11.52852249,2.818588257,2.818588257,2.818588257,0.37829116
1/09/1995,0.257817984,12.76973915,41.76412582,42.58726501,26.36088181,26.36088181,26.36088181,5.427638054
1/10/1995,0.039562944,63.97169876,104.0365295,75.38017273,54.84186935,54.84186935,54.84186935,21.36374092
1/11/1995,0,113.9645386,109.740036,76.42185211,67.51120758,67.51120758,67.51120758,51.5827446
1/12/1995,0.084851272,113.0698471,162.4902649,140.7330017,110.1299515,110.1299515,110.1299515,64.1309433
1/01/1996,0.286524534,159.5625458,215.2650146,139.4152679,144.2885284,144.2885284,144.2885284,85.26010895
1/02/1996,0.089429893,192.8073425,202.1878052,149.3932495,180.1639099,180.1639099,180.1639099,97.71617889
1/03/1996,0.057471253,151.1686096,162.3381653,114.2740631,132.194931,132.194931,132.194931,104.7000275
1/04/1996,0,96.52600098,109.1061707,59.90676117,48.14486694,48.14486694,48.14486694,26.42383003
1/05/1996,0.147835523,11.91650295,22.95041847,26.51049423,12.81655788,12.81655788,12.81655788,7.058748722
1/06/1996,0.389664143,0.162053138,0.68420583,3.072728634,0.466789007,0.466789007,0.466789007,0.124907121
1/07/1996,0.066573821,0.157584041,0.232875586,0.486410528,0.201378509,0.201378509,0.201378509,0.164216906
1/08/1996,0.188720539,1.39900887,3.940600634,8.832846642,1.539853692,1.539853692,1.539853692,0.772690654
1/09/1996,0.408161044,6.23972702,16.79071236,30.9227562,6.966488361,6.966488361,6.966488361,3.893790483
1/10/1996,0.051415931,20.68511391,45.90634155,49.47966003,21.66539574,21.66539574,21.66539574,9.399230003
1/11/1996,0,16.31683159,33.78556824,43.58173752,17.32594681,17.32594681,17.32594681,8.503716469
1/12/1996,0.280371398,52.08040237,67.28310394,86.42113495,43.23070145,43.23070145,43.23070145,34.61801529
1/01/1997,0.449313581,126.6146851,175.9667816,135.2403717,97.79178619,97.79178619,97.79178619,58.01278687
1/02/1997,0.028970791,198.7067108,201.0094147,190.7694855,153.4070129,153.4070129,153.4070129,99.09573364
1/03/1997,0.042895313,39.36255264,57.66581726,54.10434341,33.18903732,33.18903732,33.18903732,12.99629021
1/04/1997,0.002469659,33.07145691,52.57291031,36.35602951,27.24245262,27.24245262,27.24245262,11.7240696
1/05/1997,0.100850776,3.590511084,7.728406906,16.09657288,3.14046073,3.14046073,3.14046073,2.708486557
1/06/1997,0.097066022,0.066047683,0.175183967,0.410853505,0.070189714,0.070189714,0.070189714,0.010731689
1/07/1997,0.07912758,0.701111197,2.19430542,4.75297308,1.721651912,1.721651912,1.721651912,0.369197816
1/08/1997,1.491774797,1.766795039,9.511954308,27.94630241,4.213576317,4.213576317,4.213576317,0.493710458
1/09/1997,1.659664392,28.92368889,52.70862198,52.82538223,24.3120842,24.3120842,24.3120842,13.25442505
1/10/1997,0.003089374,32.79720688,65.30877686,48.55760956,46.02093887,46.02093887,46.02093887,19.91463852
1/11/1997,0.805354297,109.8117294,132.4029388,81.53330231,66.51655579,66.51655579,66.51655579,40.41466522
1/12/1997,0.060821764,173.1842651,189.7536621,183.5059204,150.282196,150.282196,150.282196,137.2073059
1/01/1998,1.265639186,314.836853,345.4440002,183.8763275,225.6027985,225.6027985,225.6027985,171.7806244
1/02/1998,1.391692638,198.8251038,161.6762543,134.6545715,162.7151031,162.7151031,162.7151031,139.8641663
1/03/1998,0.067623965,304.5661621,265.3600159,146.4317322,210.9057465,210.9057465,210.9057465,158.6300201
1/04/1998,0.00939036,55.40886688,56.63801956,45.68992996,30.22606659,30.22606659,30.22606659,21.65348816
1/05/1998,0.296823442,0.574944198,0.874791741,0.518924236,0.316247493,0.316247493,0.316247493,0.12349537
1/06/1998,0.292477071,0.247224882,0.68379873,2.291872025,0.456827044,0.456827044,0.456827044,0.099718131
1/07/1998,0.080089033,0.115388945,0.117360368,0.271281093,0.12993221,0.12993221,0.12993221,0.15168497
1/08/1998,0.362032861,1.979182482,9.155716896,13.92935276,4.379176617,4.379176617,4.379176617,0.601832986
1/09/1998,0.237999231,8.708325386,30.95064926,46.48106003,11.46462059,11.46462059,11.46462059,2.59797883
1/10/1998,0,33.62919998,73.39820862,72.26325226,34.33555222,34.33555222,34.33555222,14.13582039
1/11/1998,0,36.50501251,64.84733582,57.70781326,28.46948624,28.46948624,28.46948624,13.72241211
1/12/1998,0.151682511,42.0454216,37.20059204,45.80220795,31.03573036,31.03573036,31.03573036,40.7155304
1/01/1999,0.257970154,174.9465637,227.4571381,135.8769684,128.3977814,128.3977814,128.3977814,81.17584991
1/02/1999,1.595866084,317.7436523,327.5572205,263.8288269,294.9534607,294.9534607,294.9534607,203.1000671
1/03/1999,0.063154645,176.8492126,200.932373,120.538887,151.4367981,151.4367981,151.4367981,87.2822876
1/04/1999,0,124.068428,138.7797394,86.25640869,73.65537262,73.65537262,73.65537262,43.05146408
1/05/1999,0.175389498,32.30456543,53.67020798,53.91662979,25.33825111,25.33825111,25.33825111,12.52542591
1/06/1999,0.034620192,1.068693638,2.715682745,5.521004677,1.728951335,1.728951335,1.728951335,0.838834226
1/07/1999,0.080888562,0.720975637,2.200993776,7.048246861,1.224106908,1.224106908,1.224106908,0.373262674
1/08/1999,0.156212181,1.726261616,9.331989288,17.84762383,3.613052845,3.613052845,3.613052845,0.343645036
1/09/1999,0.245555088,25.85622978,53.87222672,49.236866,22.7660675,22.7660675,22.7660675,7.064680576
1/10/1999,0,87.91592407,128.5325012,91.63185883,80.90111542,80.90111542,80.90111542,40.67264175
1/11/1999,0.047996353,67.62592316,105.9711533,72.35163116,50.58014679,50.58014679,50.58014679,20.42465591
1/12/1999,0.1239748,100.2737732,158.5038147,165.3737793,114.7637253,114.7637253,114.7637253,64.21140289
1/01/2000,1.668320894,248.0302734,391.6300354,279.2112122,218.7382965,218.7382965,218.7382965,134.664093
1/02/2000,0.047320642,240.750824,258.3162842,235.1086884,242.877533,242.877533,242.877533,169.3143616
1/03/2000,0.148691669,215.8648376,275.5679626,203.1196442,194.1319733,194.1319733,194.1319733,115.8145905
1/04/2000,0,97.28240204,100.7853546,51.61911774,64.26181793,64.26181793,64.26181793,40.14550018
1/05/2000,0.161259636,26.82195663,42.75358582,48.50740051,20.45165443,20.45165443,20.45165443,10.8507185
1/06/2000,0.242639855,0.030675942,0.210548893,0.403291494,0.158985794,0.158985794,0.158985794,0.011596462
1/07/2000,0.645694315,1.223256111,3.746325731,10.72282028,2.983099699,2.983099699,2.983099699,1.78415072
1/08/2000,0.628017426,5.612338066,18.72791672,38.27168274,8.792451859,8.792451859,8.792451859,2.506643295
1/09/2000,0.266322076,27.48189354,43.01087189,15.16138649,24.77595139,24.77595139,24.77595139,9.671905518
1/10/2000,0,70.58708954,97.76340485,61.51663208,56.99525833,56.99525833,56.99525833,29.0180378
1/11/2000,0,41.52713776,62.99400711,48.72335815,30.17883873,30.17883873,30.17883873,14.76621723
1/12/2000,0.055042021,189.1915283,288.8916626,313.1751404,184.9673615,184.9673615,184.9673615,100.1351547
1/01/2001,0.269322276,287.9970093,430.6422424,319.3009033,252.0435791,252.0435791,252.0435791,153.816803
1/02/2001,0.252875358,159.8746948,201.4242096,203.5653534,186.2202606,186.2202606,186.2202606,139.3613739
1/03/2001,0.046877511,298.0407715,421.9373169,367.9441833,314.2781372,314.2781372,314.2781372,195.3281555
1/04/2001,0,90.73738098,92.38014221,55.72021866,68.7720871,68.7720871,68.7720871,57.46343994
1/05/2001,0.13179563,7.438998222,13.28092384,16.59603882,5.222658634,5.222658634,5.222658634,1.650722146
1/06/2001,0.058358427,0.21338886,0.959529161,2.859326601,0.662886024,0.662886024,0.662886024,0.095172845
1/07/2001,0.848826289,0.936817586,3.439873219,12.70082951,2.006897211,2.006897211,2.006897211,0.43736729
1/08/2001,1.029031038,0.63474679,2.396992922,2.899563789,1.629612565,1.629612565,1.629612565,0.256184071
1/09/2001,0.424572736,35.31670761,81.18254089,91.97462463,32.70598984,32.70598984,32.70598984,11.74045753
1/10/2001,0,37.11494827,61.59731293,43.12217712,38.01455307,38.01455307,38.01455307,15.59857273
1/11/2001,0,154.5366516,202.3038177,123.8086929,123.2897339,123.2897339,123.2897339,69.29543304
1/12/2001,0,16.51334953,56.61178589,85.06996155,40.08844376,40.08844376,40.08844376,11.5870266
1/01/2002,0.161129713,61.96012497,132.6524048,87.13577271,84.5047226,84.5047226,84.5047226,36.08298492
1/02/2002,1.051605463,137.2670441,153.5802002,148.9592438,158.0619812,158.0619812,158.0619812,106.0256805
1/03/2002,0.09546072,184.0780792,247.3936768,178.4313049,177.7932587,177.7932587,177.7932587,102.3100357
1/04/2002,0,155.6049347,164.4846191,89.59644318,98.93994141,98.93994141,98.93994141,63.53369904
1/05/2002,0.129267573,10.021245,18.54011726,25.11558342,9.480427742,9.480427742,9.480427742,3.930889368
1/06/2002,0.463396102,1.150556207,2.877619267,9.175222397,1.953273296,1.953273296,1.953273296,0.944428504
1/07/2002,0.109592721,1.141652226,4.553175926,16.13837814,2.50262332,2.50262332,2.50262332,0.628358841
1/08/2002,0.511747956,1.238471985,6.354810715,14.10839081,3.035512924,3.035512924,3.035512924,0.400253385
1/09/2002,0.118776865,27.37920189,54.88384628,55.63508987,26.68689919,26.68689919,26.68689919,10.78200817
1/10/2002,0.005426954,79.51521301,139.9684906,106.7576218,82.08939362,82.08939362,82.08939362,35.2165184
1/11/2002,0,143.2389526,184.4323425,131.1682129,106.2017822,106.2017822,106.2017822,62.733181
1/12/2002,0.040092811,57.17419815,108.2672119,127.1118469,68.10697937,68.10697937,68.10697937,26.35385513
1/01/2003,0.182793573,147.7189331,206.6080933,139.1947174,121.911644,121.911644,121.911644,68.63320923
1/02/2003,0.1771231,112.2305832,138.0973053,131.7193298,117.2564087,117.2564087,117.2564087,67.18519592
1/03/2003,0.148338154,204.4722595,251.2590485,169.8441162,185.4616394,185.4616394,185.4616394,103.8023071
1/04/2003,0.033389766,64.25137329,91.71988678,62.45982361,55.13623428,55.13623428,55.13623428,28.95111656
1/05/2003,0.138084784,4.76811409,8.31409359,7.17610693,4.815943718,4.815943718,4.815943718,2.795715094
1/06/2003,0.043058019,0.085082717,0.316783011,0.54334569,0.172746003,0.172746003,0.172746003,0.006793739
1/07/2003,0.0964792,0.495401263,1.958389759,7.536279678,1.253250003,1.253250003,1.253250003,0.290639758
1/08/2003,0.132639721,0.861311138,3.015007496,3.020576,1.37542665,1.37542665,1.37542665,0.233357891
1/09/2003,0.138638943,1.664768219,5.913334846,5.640120029,3.705759525,3.705759525,3.705759525,0.377626061
1/10/2003,0,21.32717896,37.9603157,37.53104401,20.17365646,20.17365646,20.17365646,8.214881897
1/11/2003,0,19.75317192,35.43452072,30.18433189,15.99565983,15.99565983,15.99565983,5.8924613
1/12/2003,0.097163968,168.337265,191.7696991,159.5318298,153.6268463,153.6268463,153.6268463,111.4103775
1/01/2004,0.23478134,42.64140701,45.9641304,19.44800758,32.27275085,32.27275085,32.27275085,20.9012928
1/02/2004,0.022725966,143.5619354,165.1152802,133.9187164,164.7282867,164.7282867,164.7282867,96.00305176
1/03/2004,0.016523557,104.2239914,128.6205139,90.55542755,101.9652863,101.9652863,101.9652863,60.88525009
1/04/2004,0,93.96939087,97.44641876,51.77585983,69.21479034,69.21479034,69.21479034,56.07221603
1/05/2004,0,2.383039713,5.756597996,8.395500183,3.309901237,3.309901237,3.309901237,1.293367982
1/06/2004,0.037365042,0.93505609,3.78760767,12.62185764,3.220360041,3.220360041,3.220360041,1.008961082
1/07/2004,0.116810545,0.702991903,2.479012728,7.815351486,1.262321591,1.262321591,1.262321591,0.270409048
1/08/2004,0.130045652,1.116456747,5.453864574,9.388809204,3.370914698,3.370914698,3.370914698,0.457105458
1/09/2004,0.199772105,20.75917816,54.06253052,56.12404251,26.33552361,26.33552361,26.33552361,9.976104736
1/10/2004,0.016262507,59.88640594,116.6669464,103.4417419,59.33884811,59.33884811,59.33884811,21.2136364
1/11/2004,0.072756521,113.6498718,155.7720795,109.5528488,69.81980896,69.81980896,69.81980896,29.3500824
1/12/2004,0.05658754,119.6817551,192.5956116,181.3809662,153.5003357,153.5003357,153.5003357,86.97171783
1/01/2005,0.15517877,141.6286316,190.9855652,99.16117859,140.4343567,140.4343567,140.4343567,85.9585495
1/02/2005,0.168297052,70.8770752,84.08869934,68.37624359,84.80809021,84.80809021,84.80809021,46.57115555
1/03/2005,2.461357594,148.5062714,176.4914551,109.4465332,142.9581146,142.9581146,142.9581146,79.97194672
1/04/2005,0,52.13067245,62.50276947,28.13532448,38.02189255,38.02189255,38.02189255,19.15373802
1/05/2005,0.111366302,1.637271166,4.572997093,5.907645226,2.716324806,2.716324806,2.716324806,0.602886736
1/06/2005,0.049010046,0,0.070856683,0.264305681,0.040964413,0.040964413,0.040964413,0
1/07/2005,0.086822279,0.016003313,0.019937353,0.188653544,0,0,0,0.067282759
1/08/2005,0.125190839,0.482204497,2.174212456,3.525982141,1.174994111,1.174994111,1.174994111,0.134750351
1/09/2005,0.829728603,1.159886837,5.611735821,14.6998167,2.764535427,2.764535427,2.764535427,0.152881518
1/10/2005,0.231426194,14.12133789,31.74148369,23.47997284,19.10714722,19.10714722,19.10714722,7.157836914
1/11/2005,0.200733364,18.34031677,47.53479385,44.97372437,22.55831528,22.55831528,22.55831528,6.137473106
1/12/2005,0.010061425,109.6531067,146.427597,149.9028015,118.302475,118.302475,118.302475,81.03426361
1/01/2006,0,164.0185547,227.576004,157.2314148,171.10466,171.10466,171.10466,126.1142807
1/02/2006,0.465956986,157.2958527,153.8125153,121.2161255,169.3936615,169.3936615,169.3936615,116.8377457
1/03/2006,0.066387326,247.0524445,285.1715088,180.8585052,220.7404785,220.7404785,220.7404785,148.1586761
1/04/2006,0,116.3190002,149.6302338,90.3431015,106.99543,106.99543,106.99543,63.85011292
1/05/2006,0.117290758,1.126297355,3.336810589,5.993518829,1.806386709,1.806386709,1.806386709,0.415060282
1/06/2006,0.070567779,0.879179955,2.013539314,1.472210765,1.540699363,1.540699363,1.540699363,0.386890471
1/07/2006,0.740593612,0.087433517,0.097805664,0.328366011,0.013537822,0.013537822,0.013537822,0.064569019
1/08/2006,0.284503192,0.998482823,4.483795643,10.30243683,3.020238876,3.020238876,3.020238876,1.075226426
1/09/2006,0.122177131,12.65448666,33.19247818,32.21746826,17.99268532,17.99268532,17.99268532,6.334728241
1/10/2006,0.025377793,29.76939201,72.14652252,67.64543152,39.41514206,39.41514206,39.41514206,11.829772
1/11/2006,0,55.94192123,97.76358032,88.66664886,54.5073204,54.5073204,54.5073204,19.5066185
1/12/2006,0.135148391,139.1064606,194.0967712,155.2129517,157.1308441,157.1308441,157.1308441,103.9584808
1/01/2007,0.198603749,209.1233521,267.143158,141.7935028,175.6439362,175.6439362,175.6439362,119.7326431
1/02/2007,0.503393888,107.083786,130.733429,111.9183044,133.5280609,133.5280609,133.5280609,72.5668335
1/03/2007,0.241680428,253.5153961,332.3399048,219.7323456,258.2979431,258.2979431,258.2979431,145.5712585
1/04/2007,0.053762663,101.7573318,141.5852509,95.42674255,100.3461609,100.3461609,100.3461609,73.44809723
1/05/2007,0.173297405,2.742944717,14.94100285,32.55671692,11.29892921,11.29892921,11.29892921,4.473877907
1/06/2007,0.063992165,0,0.016135348,0.154905438,0.019427637,0.019427637,0.019427637,0
1/07/2007,0.191393614,0.113050394,0.167373598,0.372276068,0.024151161,0.024151161,0.024151161,0.048930097
1/08/2007,0.937564731,0.324865401,0.798340619,0.279721588,0.227584079,0.227584079,0.227584079,0.079140671
1/09/2007,0.212357,3.650197268,24.23359871,32.23871231,9.099339485,9.099339485,9.099339485,0.596161067
1/10/2007,0.008212482,39.61223984,86.71252441,81.93515015,45.77183914,45.77183914,45.77183914,13.38083744
1/11/2007,0.04949579,44.75435257,68.85865784,58.24718857,30.39219284,30.39219284,30.39219284,15.90636063
1/12/2007,0.125567272,53.09374619,89.92756653,88.31877899,75.82249451,75.82249451,75.82249451,39.72667694
1/01/2008,0.723873377,207.1824188,295.0466003,191.7292328,205.1508942,205.1508942,205.1508942,130.5322113
1/02/2008,0.546992838,186.7108612,203.1504364,204.0434875,188.1418915,188.1418915,188.1418915,130.5433807
1/03/2008,0.664756775,148.1161346,150.5548096,106.2223053,111.1712341,111.1712341,111.1712341,81.90594482
1/04/2008,0.019059356,57.48848724,75.32364655,55.72717667,37.14486694,37.14486694,37.14486694,18.88684082
1/05/2008,0.128332958,0.518917382,0.872595668,0.710603476,0.379445493,0.379445493,0.379445493,0.098595008
1/06/2008,1.051263452,0.491111577,0.863161445,0.467753023,1.29713273,1.29713273,1.29713273,0.802649438
1/07/2008,0.086591981,0.017794752,0.019760665,0.180612877,0,0,0,0.067734949
1/08/2008,0.154583663,3.236571312,9.775540352,13.86899853,4.464277744,4.464277744,4.464277744,1.258471727
1/09/2008,0.111482382,2.319555283,7.051132679,10.64481354,3.960571289,3.960571289,3.960571289,0.961102784
1/10/2008,0,35.36881256,73.87462616,63.09884644,34.37388992,34.37388992,34.37388992,10.90694427
1/11/2008,0.049296767,56.59662628,74.17230225,50.38399887,38.75198746,38.75198746,38.75198746,20.3755455
1/12/2008,0.026343632,86.48999786,128.6880035,118.6840515,93.63457489,93.63457489,93.63457489,57.24395752
1/01/2009,1.348714471,250.7484436,291.1712036,177.7848053,180.9608307,180.9608307,180.9608307,136.798584
1/02/2009,1.05169785,238.3138885,235.4579468,198.5993195,221.4408875,221.4408875,221.4408875,163.1815186
1/03/2009,1.03356564,217.8555298,229.3750916,148.5563812,188.0784149,188.0784149,188.0784149,150.9738464
1/04/2009,0,100.8995132,129.895813,111.8507767,76.2541275,76.2541275,76.2541275,49.68093872
1/05/2009,0.152441189,3.27145195,2.875778198,0.26647985,3.100550652,3.100550652,3.100550652,5.226099491
1/06/2009,0.050575018,0,0.143936008,0.394593716,0.039606359,0.039606359,0.039606359,0
1/07/2009,0.371782362,0.136981353,0.844299018,3.662247896,0.418389857,0.418389857,0.418389857,0.092005134
1/08/2009,0.220709592,3.444578648,13.52390862,19.96567917,6.35887289,6.35887289,6.35887289,0.967203081
1/09/2009,0.136301816,10.73762894,30.82299423,36.60437775,12.51797295,12.51797295,12.51797295,3.291466236
1/10/2009,0.01579131,106.348877,157.4517365,123.1639633,97.92668915,97.92668915,97.92668915,50.63535309
1/11/2009,0.087515734,195.9937744,290.1850586,209.7530975,146.4408569,146.4408569,146.4408569,68.67315674
1/12/2009,0.157030478,95.37512207,161.3777161,172.7340088,110.5294189,110.5294189,110.5294189,50.7936554
1/01/2010,1.677801609,143.2259827,249.0101776,168.5466156,135.9052277,135.9052277,135.9052277,62.02038956
1/02/2010,0.293987244,100.3976898,133.1934509,139.7438049,123.8653488,123.8653488,123.8653488,62.06991959
1/03/2010,0.127631202,183.368576,262.7129517,193.1501617,178.2156677,178.2156677,178.2156677,90.66459656
1/04/2010,0.050401557,70.53316498,117.5434647,76.2253418,61.32013702,61.32013702,61.32013702,24.63589859
1/05/2010,0.106513567,3.272944927,4.671120644,3.893829584,2.803022385,2.803022385,2.803022385,2.232774496
1/06/2010,0.04159857,0.381999642,1.208048344,4.197447777,0.865121901,0.865121901,0.865121901,0.43394053
1/07/2010,0.09767694,0.067515165,0.256506085,0.728329539,0.086178653,0.086178653,0.086178653,0.054472648
1/08/2010,0.218272641,1.102431178,2.932559967,1.961357951,1.844230652,1.844230652,1.844230652,0.368090034
1/09/2010,0.092236958,12.95782852,30.43538857,34.14640045,16.04940033,16.04940033,16.04940033,7.150175571
1/10/2010,0.25579226,11.70515823,51.64709854,61.94657898,28.61815643,28.61815643,28.61815643,5.249978542
1/11/2010,0.042450938,62.05771255,108.0278625,85.01618958,46.32262039,46.32262039,46.32262039,18.91126633
1/12/2010,0.241163537,123.2001724,193.950531,190.4118958,156.6359711,156.6359711,156.6359711,93.51602173
1/01/2011,1.282997966,218.2779083,302.4506226,189.4837646,188.4212646,188.4212646,188.4212646,115.7462845
1/02/2011,2.028873205,104.1518173,145.9738464,140.3927917,142.6009674,142.6009674,142.6009674,70.12132263
1/03/2011,0.383225888,168.9057159,258.8470764,166.2109833,202.3735046,202.3735046,202.3735046,103.3548279
1/04/2011,0.049974237,158.3681488,202.6835022,95.46372986,131.5152588,131.5152588,131.5152588,69.05480194
1/05/2011,0.129994422,2.409408569,9.206372261,13.29425716,4.215834618,4.215834618,4.215834618,0.710878134
1/06/2011,0.52620995,0,0.039038531,0.194545746,0.050320383,0.050320383,0.050320383,0
1/07/2011,1.046698451,0.601401687,1.803214192,6.691178799,0.680458784,0.680458784,0.680458784,0.24827987
1/08/2011,0.71532768,1.664014459,9.440003395,15.27019691,5.087357044,5.087357044,5.087357044,0.443656534
1/09/2011,0.252750963,11.9200201,33.34008026,35.98524857,15.71849442,15.71849442,15.71849442,4.984439373
1/10/2011,0.036719128,7.478044987,24.02943039,32.71659851,17.93387413,17.93387413,17.93387413,4.787602425
1/11/2011,1.58E-05,120.1770554,156.9656525,107.0224838,84.75141144,84.75141144,84.75141144,50.55660248
1/12/2011,0.014163271,153.4672546,208.7293549,190.4406128,150.8594513,150.8594513,150.8594513,92.85764313
1/01/2012,0.269902855,93.54820251,184.5305786,176.5926056,93.13950348,93.13950348,93.13950348,39.20843887
1/02/2012,0.18852599,163.8887939,202.5812531,214.2082825,186.1278992,186.1278992,186.1278992,109.038765
1/03/2012,0.339124292,208.8927765,245.634201,180.6842499,184.9353333,184.9353333,184.9353333,125.8316727
1/04/2012,0.002604243,141.6095123,207.1851807,120.399086,186.8295746,186.8295746,186.8295746,94.54206085
1/05/2012,0.125609919,9.455622673,25.66243172,26.8025856,12.94149113,12.94149113,12.94149113,5.582858562
1/06/2012,0.163509712,0.088767618,0.68283242,2.637092829,0.400898695,0.400898695,0.400898695,0.00159778
1/07/2012,0.29013297,0.006525909,0,0.085487232,0,0,0,0.093802772
1/08/2012,0.586936653,0.224497437,1.390658379,3.648727417,0.645995855,0.645995855,0.645995855,0.047364999
1/09/2012,0.266956031,36.043293,90.56091309,70.07050323,44.15164566,44.15164566,44.15164566,18.96035385
1/10/2012,0.057754982,75.66712189,99.29878235,60.73833084,73.04798126,73.04798126,73.04798126,38.86501312
1/11/2012,0,72.88781738,129.7801514,99.9088974,73.40232086,73.40232086,73.40232086,31.76914024
1/12/2012,0.371891171,111.3953552,174.1739044,165.3791962,126.3670349,126.3670349,126.3670349,69.45214844
1/01/2013,0.31246531,73.11587524,155.3298187,129.7393036,79.6812439,79.6812439,79.6812439,32.05991745
1/02/2013,1.653230548,193.2500458,212.5049286,206.6366425,194.9017487,194.9017487,194.9017487,115.4279633
1/03/2013,1.673253655,199.9371338,232.3598175,152.3401947,176.3299561,176.3299561,176.3299561,115.2164993
1/04/2013,0.032040447,36.15162659,60.19260406,39.33504486,26.53059578,26.53059578,26.53059578,5.850410461
1/05/2013,0.183295935,21.32943916,41.44931793,49.43718719,24.22094917,24.22094917,24.22094917,12.82528877
1/06/2013,0.189611241,0.343455255,1.057642221,7.219235897,0.796445012,0.796445012,0.796445012,0.637179196
1/07/2013,0.618215322,1.171642542,3.397243977,7.569638729,2.894143105,2.894143105,2.894143105,0.59682864
1/08/2013,1.652393103,2.935391665,14.98804569,22.35854149,8.627887726,8.627887726,8.627887726,2.239681482
1/09/2013,0.413657308,1.679662347,5.450949669,8.337656975,1.82687211,1.82687211,1.82687211,0.18362698
1/10/2013,0.070673041,59.24180603,116.2733688,72.95256042,65.91030121,65.91030121,65.91030121,22.84557915
1/11/2013,0.201125026,72.15428925,103.8504257,75.20072174,57.75622559,57.75622559,57.75622559,29.62188339
1/12/2013,0.310743481,101.3954849,153.8081512,158.0847321,117.0792084,117.0792084,117.0792084,73.30001831
1/01/2014,0.965107501,170.3231049,267.2200317,184.5811157,153.7318878,153.7318878,153.7318878,82.68088531
1/02/2014,0.491278768,101.6968155,147.705246,147.9445343,132.3392487,132.3392487,132.3392487,69.83454895
1/03/2014,0.740645766,185.7989044,261.0948792,205.8445435,181.1026306,181.1026306,181.1026306,99.05569458
1/04/2014,0,70.67726898,85.36831665,52.87975693,52.58240128,52.58240128,52.58240128,32.04597473
1/05/2014,0.170755416,11.56537437,22.27943611,19.4935627,11.24696445,11.24696445,11.24696445,6.440781116
1/06/2014,0.155894861,0.342553854,0.522072375,1.376245856,0.274139255,0.274139255,0.274139255,0.207528099
1/07/2014,0.656221807,1.145781517,4.406337738,17.11292458,3.154792786,3.154792786,3.154792786,0.553679943
1/08/2014,2.649422884,7.723646164,18.64306641,15.12661743,12.00084591,12.00084591,12.00084591,2.704981089
1/09/2014,0.284459919,14.59727478,44.25907898,64.32508087,25.15945816,25.15945816,25.15945816,8.594037056
1/10/2014,0.150025815,71.58537292,118.3951569,84.71580505,68.83532715,68.83532715,68.83532715,27.52029037
1/11/2014,0.507344425,94.62793732,108.2009354,73.84771729,61.19506836,61.19506836,61.19506836,38.96919632
1/12/2014,0.205624968,113.0712585,170.5918579,172.9189453,133.4165497,133.4165497,133.4165497,90.10163116
1/01/2015,0.344537824,179.6298523,270.3306274,180.0878296,165.6001282,165.6001282,165.6001282,101.3220215
1/02/2015,0.338411421,118.295311,141.0945282,124.989357,127.2613831,127.2613831,127.2613831,75.24925232
1/03/2015,0.267401665,211.3425903,201.6764832,115.1739044,164.5591888,164.5591888,164.5591888,138.0392456
1/04/2015,0.035543527,92.69911957,111.4486847,77.84210205,61.34410477,61.34410477,61.34410477,36.28349686
1/05/2015,0.12132822,5.990503311,19.82329941,23.52732658,14.91069317,14.91069317,14.91069317,4.571594715
1/06/2015,0,1.912449479,3.045616388,6.875439644,2.164966106,2.164966106,2.164966106,1.190192342
1/07/2015,0.702399492,0.691519678,1.612370253,4.079339981,1.20368588,1.20368588,1.20368588,0.437075734
1/08/2015,0.608543098,5.955043793,21.3237381,33.87774658,13.73813343,13.73813343,13.73813343,4.895366192
1/09/2015,0.145825103,10.85584354,37.11345291,43.9407959,22.26527023,22.26527023,22.26527023,6.942838669
1/10/2015,0.110736921,47.91514206,82.90589905,71.38729095,48.80765152,48.80765152,48.80765152,21.05339622
1/11/2015,0.175803661,86.44387817,127.4710541,89.97723389,69.60127258,69.60127258,69.60127258,35.37058258
1/12/2015,0.215002328,92.01206207,134.1931763,131.938324,96.63159943,96.63159943,96.63159943,60.97995758
1/01/2016,0.111069784,52.67929459,81.70275879,64.77915955,46.64975739,46.64975739,46.64975739,23.87663269
1/02/2016,0.275936544,169.7773895,227.1903229,212.9026794,200.4672394,200.4672394,200.4672394,94.64891815
1/03/2016,0.203462183,146.7578125,187.283905,129.9829102,133.7462921,133.7462921,133.7462921,70.1478653
1/04/2016,0.046225391,86.55596161,114.8941879,73.29142761,69.16880035,69.16880035,69.16880035,38.78719711
1/05/2016,0.06872312,3.659767628,8.85132122,10.2251358,4.672003269,4.672003269,4.672003269,1.879295826
1/06/2016,0.042236026,0.470898271,1.183913827,5.955208302,0.573909342,0.573909342,0.573909342,0.224312618
1/07/2016,0.10504321,0.378408611,0.52551657,1.957723022,0.140264586,0.140264586,0.140264586,0.220743999
1/08/2016,0.212891117,0.173858792,0.416592181,0.237282202,0.108757809,0.108757809,0.108757809,0.041896239
1/09/2016,0.402973861,22.1149044,51.99293518,56.33189392,25.67567062,25.67567062,25.67567062,8.063335419
1/10/2016,0.014655743,11.5644846,37.31345749,41.07643127,22.85545731,22.85545731,22.85545731,6.490186214
1/11/2016,0.042078871,0.953561246,1.401632905,1.5067662,0.417289317,0.417289317,0.417289317,0.066314116
1/12/2016,0.262809217,85.70211792,124.3485794,111.2850494,90.8474884,90.8474884,90.8474884,51.56744003
